{
  "beta_consistent": false,
  "gnss_correlation_length": 4201,
  "gnss_correlation_uncertainty": 1967,
  "flyby_beta": 0.0004635225562803794,
  "flyby_beta_uncertainty": 2.317774082482756e-05,
  "theoretical_beta": 0.0001
}