{
  "data_source": "step008_fitting_results.json (primary detections only, S/N>2)",
  "n_primary_detections": 4,
  "detection_names": [
    "NEAR",
    "Galileo_1990",
    "Cassini",
    "Rosetta_2005"
  ],
  "fitted_betas": {
    "NEAR": 0.00046719244958672344,
    "Galileo_1990": 0.0005763104240877862,
    "Cassini": 2.4005543799723328e-05,
    "Rosetta_2005": 0.00011847917812703144
  },
  "fitted_beta_uncertainties": {
    "NEAR": 4.627958886445997e-07,
    "Galileo_1990": 5.880718613140675e-06,
    "Cassini": 1.4548814424074743e-05,
    "Rosetta_2005": 4.339896634689796e-06
  },
  "beta_summary": {
    "mean": 0.0002964968989003161,
    "std": 0.00023096234942942935,
    "min": 2.4005543799723328e-05,
    "max": 0.0005763104240877862,
    "scatter_ratio": 24.007388830509573,
    "all_positive": true
  },
  "leave_one_out": {
    "n_folds": 4,
    "beta_loo_mean": 0.0002964968989003161,
    "beta_loo_std": 7.698744980980979e-05,
    "stability_coefficient": 0.2596568466494936,
    "stability_assessment": "stable",
    "sign_accuracy": 1.0,
    "fold_results": [
      {
        "left_out": "NEAR",
        "beta_loo": 0.000239598382004847,
        "dv_obs": 13.46,
        "dv_pred": 10.148622055973433,
        "residual_mm_s": 3.3113779440265674,
        "abs_error_mm_s": 3.3113779440265674,
        "rel_error_pct": 24.601619197819964,
        "correct_sign": true
      },
      {
        "left_out": "Galileo_1990",
        "beta_loo": 0.00020322572383782607,
        "dv_obs": 3.92,
        "dv_pred": 2.141767824040646,
        "residual_mm_s": 1.7782321759593538,
        "abs_error_mm_s": 1.7782321759593538,
        "rel_error_pct": 45.36306571324882,
        "correct_sign": true
      },
      {
        "left_out": "Cassini",
        "beta_loo": 0.0003873273506005137,
        "dv_obs": 0.11,
        "dv_pred": 1.2423306184134781,
        "residual_mm_s": -1.132330618413478,
        "abs_error_mm_s": 1.132330618413478,
        "rel_error_pct": 1029.39147128498,
        "correct_sign": true
      },
      {
        "left_out": "Rosetta_2005",
        "beta_loo": 0.00035583613915807764,
        "dv_obs": 1.82,
        "dv_pred": 5.702823319215868,
        "residual_mm_s": -3.882823319215868,
        "abs_error_mm_s": 3.882823319215868,
        "rel_error_pct": 213.3419406162565,
        "correct_sign": true
      }
    ]
  },
  "bootstrap": {
    "n_bootstrap": 10000,
    "n_valid_samples": 10000,
    "beta_mean": 0.000300619507351825,
    "beta_median": 0.00029704121182697594,
    "beta_std": 0.0001157667330490907,
    "ci_68": [
      0.00018139716253816324,
      0.0004134830485199502
    ],
    "ci_95": [
      6.973142359881245e-05,
      0.000523877729099516
    ]
  },
  "altitude_stratified": {
    "low_altitude": {
      "n_flybys": 2,
      "beta_mean": 0.0005217514368372548,
      "beta_median": 0.0005217514368372548,
      "beta_range": [
        0.00046719244958672344,
        0.0005763104240877862
      ],
      "members": [
        "NEAR",
        "Galileo_1990"
      ]
    },
    "mid_altitude": {
      "n_flybys": 2,
      "beta_mean": 7.124236096337739e-05,
      "beta_median": 7.124236096337739e-05,
      "beta_range": [
        2.4005543799723328e-05,
        0.00011847917812703144
      ],
      "members": [
        "Cassini",
        "Rosetta_2005"
      ]
    }
  },
  "summary": {
    "n_total_flybys": 4,
    "n_with_observations": 4,
    "validation_status": "complete"
  }
}