{
  "n_data": 4,
  "extra_sigma_sys_quadrature_mm_s": 0.7217706915332263,
  "log_likelihoods": {
    "Null": -194.12721497990964,
    "Anderson": -26.137016096316522,
    "TEP_restricted": -7.9756008143082315,
    "TEP_flexible": -6.338489852462069
  },
  "fitted_parameters": {
    "Anderson": {
      "A": 17.638247914866046,
      "B": 0.14743592811447326
    },
    "TEP_restricted": {
      "beta": 0.0017460136116924522,
      "fit_diagnostics": {
        "optimal_scale_factor_x": 8.541530948710092,
        "positive_beta_scale_feasible": true,
        "log_likelihood_evaluated_at_beta": 0.0017460136116924522
      }
    },
    "TEP_flexible": {
      "beta": 0.000683648868733252,
      "b_disf": 3.0662396933242415,
      "offset": 1.08349089450375
    }
  },
  "information_criteria": {
    "Null": {
      "AIC": 388.2544299598193,
      "AICc": 388.2544299598193,
      "BIC": 388.2544299598193
    },
    "Anderson": {
      "AIC": 56.274032192633044,
      "AICc": 68.27403219263304,
      "BIC": 55.046620914872825
    },
    "TEP_restricted": {
      "AIC": 17.951201628616463,
      "AICc": 19.951201628616463,
      "BIC": 17.337495989736354
    },
    "TEP_flexible": {
      "AIC": 18.676979704924136,
      "AICc": Infinity,
      "BIC": 16.83586278828381
    }
  },
  "bayes_factors": {
    "Anderson_vs_Null": 2.2654599956487027e+72,
    "TEP_restricted_vs_Null": 3.4961401494940566e+80,
    "TEP_flexible_vs_Null": 4.4928001385345054e+80,
    "TEP_restricted_vs_Anderson": 154323632.11926386,
    "delta_BIC_Anderson_vs_Null": 333.20780904494643,
    "delta_BIC_TEP_restricted_vs_Null": 370.91693397008294,
    "delta_BIC_TEP_flexible_vs_Null": 371.41856717153547,
    "delta_BIC_TEP_restricted_vs_Anderson": 37.70912492513647,
    "log10_BF_Anderson_vs_Null": 72.35515639764633,
    "log10_BF_TEP_restricted_vs_Null": 80.5435888338399,
    "log10_BF_TEP_flexible_vs_Null": 80.65251709950506,
    "log10_BF_TEP_restricted_vs_Anderson": 8.18843243619357,
    "bic_approximation_valid": {
      "Anderson_vs_Null": false,
      "TEP_restricted_vs_Null": false,
      "TEP_flexible_vs_Null": false,
      "TEP_restricted_vs_Anderson": false
    },
    "bic_approximation_note": "The BIC approximation BF \u2248 exp(\u0394BIC/2) is a large-sample result. For n < 10 and extreme S/N it is unreliable.  When log10(BF) > 100 the value is driven by formal uncertainties and should not be reported as a literal probability ratio."
  },
  "model_selection": {
    "best_model_BIC": "TEP_flexible",
    "akaike_weights": {
      "TEP_restricted": 0.9999999999678759,
      "Null": 1.0567448361248583e-80,
      "Anderson": 3.2124077726101025e-11
    },
    "interpretation": "BIC selects TEP_flexible model"
  },
  "pre_specified_parameters": {
    "lambda_TEP_km": 4000,
    "lambda_TEP_source": "GNSS atomic clock correlations (Step 016)",
    "S_earth": 0.349,
    "S_earth_source": "UCD saturation first-principles (Step 010)",
    "v_trans_km_s": 16.8,
    "v_trans_source": "TEP field equations",
    "geometry_source": "JPL Horizons ephemerides"
  },
  "systematic_uncertainty_mm_s": 0.7217706915332263,
  "systematic_uncertainty_model": "geometry_prediction_spread_std_ddof1",
  "geometry_prediction_spread_mm_s": 0.7217706915332263,
  "likelihood_sensitivity_published_uncertainties_only": {
    "extra_sigma_sys_quadrature_mm_s": 0.0,
    "note": "Published per-flyby uncertainties without extra geometry-spread term. These produce extremely large BIC values because the tiny published uncertainties (~0.01\u20130.05 mm/s) are inconsistent with the ~1\u201310 mm/s residuals of the single-\u03b2 restricted scaling model. Reported for transparency and consistency checking only; the geometry-spread comparison is the scientifically meaningful one.",
    "log_likelihoods": {
      "Null": -915049.3614503912,
      "Anderson": -6311.066124235376,
      "TEP_restricted": -2931.992322351306,
      "TEP_flexible": -1461.3383360926882
    },
    "information_criteria": {
      "Null": {
        "AIC": 1830098.7229007825,
        "AICc": 1830098.7229007825,
        "BIC": 1830098.7229007825
      },
      "Anderson": {
        "AIC": 12626.132248470753,
        "AICc": 12638.132248470753,
        "BIC": 12624.904837192993
      },
      "TEP_restricted": {
        "AIC": 5865.984644702612,
        "AICc": 5867.984644702612,
        "BIC": 5865.370939063732
      },
      "TEP_flexible": {
        "AIC": 2928.6766721853764,
        "AICc": Infinity,
        "BIC": 2926.8355552687362
      }
    },
    "bayes_factors": {
      "Anderson_vs_Null": Infinity,
      "TEP_restricted_vs_Null": Infinity,
      "TEP_flexible_vs_Null": Infinity,
      "TEP_restricted_vs_Anderson": Infinity,
      "delta_BIC_Anderson_vs_Null": 1817473.8180635895,
      "delta_BIC_TEP_restricted_vs_Null": 1824233.3519617186,
      "delta_BIC_TEP_flexible_vs_Null": 1827171.8873455138,
      "delta_BIC_TEP_restricted_vs_Anderson": 6759.533898129261,
      "log10_BF_Anderson_vs_Null": 394659.42509432574,
      "log10_BF_TEP_restricted_vs_Null": 396127.23923042347,
      "log10_BF_TEP_flexible_vs_Null": 396765.33408145333,
      "log10_BF_TEP_restricted_vs_Anderson": 1467.8141360977577,
      "bic_approximation_valid": {
        "Anderson_vs_Null": false,
        "TEP_restricted_vs_Null": false,
        "TEP_flexible_vs_Null": false,
        "TEP_restricted_vs_Anderson": false
      },
      "bic_approximation_note": "The BIC approximation BF \u2248 exp(\u0394BIC/2) is a large-sample result. For n < 10 and extreme S/N it is unreliable.  When log10(BF) > 100 the value is driven by formal uncertainties and should not be reported as a literal probability ratio."
    }
  },
  "strict_sign_gate": false,
  "ensemble_catalog": {
    "n_eligible": 4,
    "excluded_from_ensemble": [
      {
        "name": "Galileo_1992",
        "exclusion_reason": "snr_below_threshold",
        "dv_obs_mm_s": 0.0,
        "sigma_mm_s": 0.05,
        "snr": 0.0,
        "dv_tep_mm_s_reference": 0.0002782606561873544,
        "sign_product": 0.0,
        "archival_anomaly_reference": "Anderson et al. (2008)",
        "archival_anomaly_reference_doi": "10.1103/PhysRevLett.100.091102",
        "archival_usability_notes": "Null detection despite low altitude; potential systematics or TEP cancellation",
        "archival_detection_significance": "null"
      },
      {
        "name": "Rosetta_2007",
        "exclusion_reason": "snr_below_threshold",
        "dv_obs_mm_s": 0.02,
        "sigma_mm_s": 0.05,
        "snr": 0.39999999999999997,
        "dv_tep_mm_s_reference": 6.762895846310001e-05,
        "sign_product": 1.3525791692620001e-06,
        "archival_anomaly_reference": "Muller et al. (2008)",
        "archival_anomaly_reference_doi": null,
        "archival_usability_notes": "Consistent with zero; expected for higher altitude",
        "archival_detection_significance": "null"
      },
      {
        "name": "Rosetta_2009",
        "exclusion_reason": "snr_below_threshold",
        "dv_obs_mm_s": 0.0,
        "sigma_mm_s": 0.05,
        "snr": 0.0,
        "dv_tep_mm_s_reference": 0.0012001144942585659,
        "sign_product": 0.0,
        "archival_anomaly_reference": "Muller et al. (2010)",
        "archival_anomaly_reference_doi": null,
        "archival_usability_notes": "Third Earth flyby; published null (Muller et al. 2010); geometry from Horizons when catalog asymmetry absent",
        "archival_detection_significance": "null"
      },
      {
        "name": "MESSENGER_2005",
        "exclusion_reason": "snr_below_threshold",
        "dv_obs_mm_s": 0.0,
        "sigma_mm_s": 0.05,
        "snr": 0.0,
        "dv_tep_mm_s_reference": 4.2870208980271865e-07,
        "sign_product": 0.0,
        "archival_anomaly_reference": "Anderson et al. (2008)",
        "archival_anomaly_reference_doi": "10.1103/PhysRevLett.100.091102",
        "archival_usability_notes": "Consistent with zero; above screening threshold",