{
  "data_source": "step008_fitting_results.json (primary detections only, S/N>2)",
  "n_primary_detections": 4,
  "detection_names": [
    "NEAR",
    "Galileo_1990",
    "Cassini",
    "Rosetta_2005"
  ],
  "fitted_betas": {
    "NEAR": 0.00046832889021127644,
    "Galileo_1990": 0.0005778192699030365,
    "Cassini": 2.4091320970236396e-05,
    "Rosetta_2005": 0.00011871881157580711
  },
  "fitted_beta_uncertainties": {
    "NEAR": 4.639216346817993e-07,
    "Galileo_1990": 5.896114999010575e-06,
    "Cassini": 1.4600800588022057e-05,
    "Rosetta_2005": 4.348674416696231e-06
  },
  "beta_summary": {
    "mean": 0.0002972395731650891,
    "std": 0.00023155784948064784,
    "min": 2.4091320970236396e-05,
    "max": 0.0005778192699030365,
    "scatter_ratio": 23.98454076540273,
    "all_positive": true
  },
  "leave_one_out": {
    "n_folds": 4,
    "beta_loo_mean": 0.0002972395731650891,
    "beta_loo_std": 7.718594982688262e-05,
    "stability_coefficient": 0.25967588704621425,
    "stability_assessment": "stable",
    "sign_accuracy": 1.0,
    "fold_results": [
      {
        "left_out": "NEAR",
        "beta_loo": 0.00024020980081635997,
        "dv_obs": 13.46,
        "dv_pred": 10.155997165990197,
        "residual_mm_s": 3.304002834009804,
        "abs_error_mm_s": 3.304002834009804,
        "rel_error_pct": 24.546826404233315,
        "correct_sign": true
      },
      {
        "left_out": "Galileo_1990",
        "beta_loo": 0.0002037130075857733,
        "dv_obs": 3.92,
        "dv_pred": 2.142697247908233,
        "residual_mm_s": 1.7773027520917668,
        "abs_error_mm_s": 1.7773027520917668,
        "rel_error_pct": 45.339355920708336,
        "correct_sign": true
      },
      {
        "left_out": "Cassini",
        "beta_loo": 0.00038828899056337333,
        "dv_obs": 0.11,
        "dv_pred": 1.2420878159617976,
        "residual_mm_s": -1.1320878159617975,
        "abs_error_mm_s": 1.1320878159617975,
        "rel_error_pct": 1029.1707417834523,
        "correct_sign": true
      },
      {
        "left_out": "Rosetta_2005",
        "beta_loo": 0.0003567464936948498,
        "dv_obs": 1.82,
        "dv_pred": 5.708755538200903,
        "residual_mm_s": -3.888755538200903,
        "abs_error_mm_s": 3.888755538200903,
        "rel_error_pct": 213.66788671433534,
        "correct_sign": true
      }
    ]
  },
  "bootstrap": {
    "n_bootstrap": 10000,
    "n_valid_samples": 10000,
    "beta_mean": 0.0003013724512067803,
    "beta_median": 0.000297802506489759,
    "beta_std": 0.00011606516932003444,
    "ci_68": [
      0.00018181922331894868,
      0.0004145515601633137
    ],
    "ci_95": [
      6.988951194118295e-05,
      0.0005252059551801582
    ]
  },
  "altitude_stratified": {
    "low_altitude": {
      "n_flybys": 2,
      "beta_mean": 0.0005230740800571564,
      "beta_median": 0.0005230740800571564,
      "beta_range": [
        0.00046832889021127644,
        0.0005778192699030365
      ],
      "members": [
        "NEAR",
        "Galileo_1990"
      ]
    },
    "mid_altitude": {
      "n_flybys": 2,
      "beta_mean": 7.140506627302175e-05,
      "beta_median": 7.140506627302175e-05,
      "beta_range": [
        2.4091320970236396e-05,
        0.00011871881157580711
      ],
      "members": [
        "Cassini",
        "Rosetta_2005"
      ]
    }
  },
  "summary": {
    "n_total_flybys": 4,
    "n_with_observations": 4,
    "validation_status": "complete"
  }
}