{
  "model_type": "simplified_od_absorption",
  "f_od_factors": {
    "NEAR": 0.4878377692648629,
    "Galileo_1990": 0.6217678734963503,
    "Cassini": 0.8546940627493488,
    "Rosetta_2005": 0.5359272021883249,
    "Rosetta_2007": 0.8942256450334394
  },
  "notes": "Simplified model based on perigee altitude and velocity. Full trajectory integration requires position_km and velocity_km_s arrays which are not available in current data structure."
}