{
  "n_data": 4,
  "systematic_uncertainty_mm_s": 2.621229420933984,
  "log_likelihoods": {
    "Null": -22.07458552448187,
    "Anderson": -9.338581256055036,
    "TEP_restricted": -7.594937429563134,
    "TEP_flexible": -7.577408987424427
  },
  "fitted_parameters": {
    "Anderson": {
      "A": 17.62520390400674,
      "B": 0.14822835345492427
    },
    "TEP_restricted": {
      "beta": 0.0001789152847748045
    },
    "TEP_flexible": {
      "beta": 0.00015358866650281208,
      "b_disf": 1.2792213810312805,
      "offset": -0.21037079639766856
    }
  },
  "information_criteria": {
    "Null": {
      "AIC": 44.14917104896374,
      "AICc": 44.14917104896374,
      "BIC": 44.14917104896374
    },
    "Anderson": {
      "AIC": 22.677162512110073,
      "AICc": 34.67716251211007,
      "BIC": 21.449751234349854
    },
    "TEP_restricted": {
      "AIC": 17.18987485912627,
      "AICc": 19.18987485912627,
      "BIC": 16.576169220246157
    },
    "TEP_flexible": {
      "AIC": 21.154817974848854,
      "AICc": Infinity,
      "BIC": 19.313701058208526
    }
  },
  "bayes_factors": {
    "Anderson_vs_Null": 84940.80722600206,
    "TEP_restricted_vs_Null": 971407.0965546308,
    "TEP_flexible_vs_Null": 247146.11400274446,
    "TEP_restricted_vs_Anderson": 11.436282845417367,
    "delta_BIC_Anderson_vs_Null": 22.699419814613883,
    "delta_BIC_TEP_restricted_vs_Null": 27.57300182871758,
    "delta_BIC_TEP_flexible_vs_Null": 24.83546999075521,
    "delta_BIC_TEP_restricted_vs_Anderson": 4.873582014103697
  },
  "model_selection": {
    "best_model_BIC": "TEP_restricted",
    "akaike_weights": {
      "TEP_restricted": 0.9995628987317825,
      "Null": 3.801612300000075e-06,
      "Anderson": 0.0004332996559173372
    },
    "interpretation": "BIC selects TEP_restricted model"
  },
  "pre_specified_parameters": {
    "lambda_TEP_km": 4000,
    "lambda_TEP_source": "GNSS atomic clock correlations (Step 016)",
    "S_earth": 0.35,
    "S_earth_source": "UCD saturation first-principles (Step 010)",
    "v_trans_km_s": 16.8,
    "v_trans_source": "TEP field equations",
    "geometry_source": "JPL Horizons ephemerides"
  }
}