{
  "effect_sizes": {
    "null_population": {
      "n_nulls": 8,
      "mean_dv": 0.0025,
      "std_dv": 0.006614378277661477
    },
    "effect_sizes": {
      "Galileo_1990": {
        "cohens_d": 180.34143481901987,
        "abs_d": 180.34143481901987,
        "interpretation": "large",
        "detection_significance": "strong"
      },
      "NEAR_1998": {
        "cohens_d": 1587.3600999636226,
        "abs_d": 1587.3600999636226,
        "interpretation": "large",
        "detection_significance": "strong"
      },
      "Cassini_1999": {
        "cohens_d": 3.0142984401009603,
        "abs_d": 3.0142984401009603,
        "interpretation": "large",
        "detection_significance": "strong"
      },
      "Rosetta_2005": {
        "cohens_d": 50.96267362682322,
        "abs_d": 50.96267362682322,
        "interpretation": "large",
        "detection_significance": "strong"
      }
    }
  },
  "model_comparison": {
    "n_data_points": 4,
    "models": {
      "TEP": {
        "k_parameters": 1,
        "chi2": 4090.854807885219,
        "BIC": 4092.241102246339,
        "AIC": 4092.854807885219,
        "akaike_weight": 0.0
      },
      "Null": {
        "k_parameters": 0,
        "chi2": 1830119.5777777778,
        "BIC": 1830119.5777777778,
        "AIC": 1830119.5777777778,
        "akaike_weight": 0.0
      },
      "Empirical": {
        "k_parameters": 4,
        "chi2": 0.0,
        "BIC": 5.545177444479562,
        "AIC": 8.0,
        "akaike_weight": 1.0
      }
    },
    "model_comparison": {
      "best_model_bic": "Empirical",
      "best_model_aic": "Empirical",
      "tep_evidence_weight": 0.0,
      "tep_vs_null_bayes_factor_approx": 0.0
    }
  },
  "residual_analysis": {
    "residuals": {
      "Galileo_1990": 1.9107646082431575,
      "NEAR_1998": -0.03010397875293691,
      "Cassini_1999": -0.060812441515486274,
      "Rosetta_2005": -0.24301553480149196
    },
    "statistics": {
      "mean": 0.3942081632933106,
      "std": 0.8793580096895935,
      "skewness": 1.124531923382824,
      "kurtosis": -0.6879644140605441,
      "normality_p_value": 0.01639410195846342,
      "normal_distribution": false
    },
    "interpretation": "residuals_deviate_from_normal"
  },
  "prediction_accuracy": {
    "n_predictions": 4,
    "MAE_mm_s": 0.5611741408282682,
    "RMSE_mm_s": 0.9636755601406152,
    "MAPE_percent": 29.40104746970001,
    "R_squared": 0.9651672796591698,
    "correlation": 0.986096473026939,
    "prediction_quality": "excellent"
  },
  "small_sample_validation": {
    "sample_size": 4,
    "methods_used": {
      "bootstrap_resampling": {
        "used": true,
        "n_iterations": 10000,
        "justification": "Addresses small sample uncertainty through resampling",
        "valid_for_n": true
      },
      "leave_one_out_cv": {
        "used": true,
        "justification": "Tests robustness by excluding each data point",
        "valid_for_n": true
      },
      "inverse_variance_weighting": {
        "used": true,
        "justification": "Optimal weighting for heteroscedastic uncertainties",
        "valid_for_n": true
      },
      "heterogeneity_tests": {
        "cochrans_q": {
          "used": true,
          "valid_for_n": true
        },
        "i_squared": {
          "used": true,
          "valid_for_n": true,
          "note": "Can be inflated for small samples"
        }
      }
    },
    "limitations": [
      "Small sample size limits statistical power for complex model comparisons",
      "Bootstrap confidence intervals may be approximate",
      "Central limit theorem approximations may not fully apply"
    ],
    "recommendations": [
      "Report all uncertainties with explicit small-sample caveats",
      "Use non-parametric tests where possible (Spearman vs Pearson)",
      "Validate with hold-out data when additional flybys become available",
      "Consider Bayesian methods with informative priors for small samples"
    ],
    "confidence_in_conclusions": "moderate"
  },
  "overall_assessment": {
    "score": "3/5",
    "assessment": "well_supported",
    "evidence_breakdown": {
      "effect_sizes_strong": 4,
      "model_comparison_favors_tep": false,
      "residuals_normal": false,
      "prediction_quality": "excellent",
      "r_squared_high": true
    },
    "scientific_conclusion": "TEP is the preferred explanation for Earth flyby anomalies"
  }
}