{
  "holonomy_s": 1.6678204759907605e-17,
  "holonomy_fs": 0.016678204759907604,
  "dv_apparent_mm_s": 0.000149896229,
  "b_over_a_bound": 1e-15
}