{
  "beta": {
    "median": 0.0001770362301393112,
    "mean": 0.00018527748296766182,
    "std": 4.943937155027718e-05,
    "ci_68": [
      0.00014164809482990188,
      0.00023475339673233127
    ],
    "ci_95": [
      0.00010712935164807741,
      0.0002962080581948382
    ]
  },
  "systematic_uncertainty_mm_s": {
    "median": 1.5745878894678405,
    "mean": 1.8266867562501152,
    "ci_68": [
      1.1152608273020583,
      2.4679426693644526
    ]
  },
  "disformal_coupling": {
    "median": 1.1337190779785233,
    "mean": 1.097423238518709,
    "ci_68": [
      0.44744836495585916,
      1.7284192079031186
    ]
  },
  "n_flybys": 4,
  "mcmc_samples": 256000,
  "model_comparison": {
    "AIC": {
      "TEP": 20.138617816343608,
      "Null": 1830098.7229007825,
      "Empirical": 6
    },
    "BIC": {
      "TEP": 18.29750089970328,
      "Null": 1830098.7229007825,
      "Empirical": 4.1588830833596715
    },
    "delta_AIC": {
      "TEP": 14.138617816343608,
      "Null": 1830092.7229007825,
      "Empirical": 0
    },
    "akaike_weights": {
      "TEP": 0.0008500976205825112,
      "Null": 0.0,
      "Empirical": 0.9991499023794174
    },
    "best_model_aic": "Empirical"
  }
}