{
  "Galileo_1990": {
    "dv_3d_mm_s": 0.0,
    "dv_simplified_mm_s": 0.0,
    "dv_current_mm_s": 2.1774211651834934,
    "ratio_3d_simplified": 1.0
  },
  "NEAR_1998": {
    "dv_3d_mm_s": 0.0,
    "dv_simplified_mm_s": 0.0,
    "dv_current_mm_s": 14.619311427805817,
    "ratio_3d_simplified": 1.0
  },
  "Cassini_1999": {
    "dv_3d_mm_s": 0.0,
    "dv_simplified_mm_s": 0.0,
    "dv_current_mm_s": 0.18511052859131524,
    "ratio_3d_simplified": 1.0
  },
  "Rosetta_2005": {
    "dv_3d_mm_s": 0.0,
    "dv_simplified_mm_s": 0.0,
    "dv_current_mm_s": 2.2357030480392517,
    "ratio_3d_simplified": 1.0
  },
  "Rosetta_2007": {
    "dv_3d_mm_s": 3.9856795393459776e+17,
    "dv_simplified_mm_s": 1.3552527156068805e-17,
    "dv_current_mm_s": 0.10531467839449618,
    "ratio_3d_simplified": 2.940912416885433e+34
  }
}