{
  "gnss_scale_consistent": true,
  "beta_consistent": true,
  "lambda_consistent": true,
  "lambda_sigma": 0.0004841613690239726,
  "lambda_tep_km": 4200.0,
  "lambda_tep_uncertainty_km": 630.0,
  "beta_theory_consistent": true,
  "beta_theory_sigma": 1.1846509582595879,
  "gnss_correlation_length": 4201,
  "gnss_correlation_uncertainty": 1967,
  "flyby_beta": 0.0012407553191405897,
  "flyby_beta_spread": 0.0009629463524146497,
  "flyby_beta_fit_uncertainty": 5.688953887294333e-05,
  "theoretical_beta": 0.0001
}