{
  "beta_consistent": false,
  "gnss_correlation_length": 4201,
  "gnss_correlation_uncertainty": 1967,
  "flyby_beta": 0.00046464778457552596,
  "flyby_beta_uncertainty": 2.3242132809944542e-05,
  "theoretical_beta": 0.0001
}