{
  "beta_consistent": false,
  "gnss_correlation_length": 4201,
  "gnss_correlation_uncertainty": 1967,
  "flyby_beta": 0.00017898454981689154,
  "flyby_beta_uncertainty": 2.548789015145277e-06,
  "theoretical_beta": 0.0001
}