{
  "gnss_scale_consistent": true,
  "beta_consistent": true,
  "lambda_consistent": true,
  "lambda_sigma": 0.0004841613690239726,
  "lambda_tep_km": 4200.0,
  "lambda_tep_uncertainty_km": 630.0,
  "beta_theory_consistent": true,
  "beta_theory_sigma": 0.9782421796859374,
  "gnss_correlation_length": 4201,
  "gnss_correlation_uncertainty": 1967,
  "flyby_beta": 0.0017325390640540415,
  "flyby_beta_spread": 0.0016688495936437384,
  "flyby_beta_fit_uncertainty": 6.815769292887982e-05,
  "theoretical_beta": 0.0001
}