{
  "data_source": "step008_fitting_results.json (primary detections only, S/N>2)",
  "n_primary_detections": 4,
  "detection_names": [
    "NEAR",
    "Galileo_1990",
    "Cassini",
    "Rosetta_2005"
  ],
  "fitted_betas": {
    "NEAR": 0.00017885582752023344,
    "Galileo_1990": 0.00021900922844564789,
    "Cassini": 2.4091320970236396e-05,
    "Rosetta_2005": 0.00011871881157580711
  },
  "fitted_beta_uncertainties": {
    "NEAR": 1.771726869937924e-07,
    "Galileo_1990": 2.2347880453637536e-06,
    "Cassini": 1.4600800588022057e-05,
    "Rosetta_2005": 4.348674416696231e-06
  },
  "beta_summary": {
    "mean": 0.0001351687971279812,
    "std": 7.339377065232964e-05,
    "min": 2.4091320970236396e-05,
    "max": 0.00021900922844564789,
    "scatter_ratio": 9.090793681102944,
    "all_positive": true
  },
  "leave_one_out": {
    "n_folds": 4,
    "beta_loo_mean": 0.0001351687971279812,
    "beta_loo_std": 2.4464590217443202e-05,
    "stability_coefficient": 0.1809928825088198,
    "stability_assessment": "stable",
    "sign_accuracy": 1.0,
    "fold_results": [
      {
        "left_out": "NEAR",
        "beta_loo": 0.00012060645366389713,
        "dv_obs": 13.46,
        "dv_pred": 10.016030753047053,
        "residual_mm_s": 3.443969246952948,
        "abs_error_mm_s": 3.443969246952948,
        "rel_error_pct": 25.58669574259248,
        "correct_sign": true
      },
      {
        "left_out": "Galileo_1990",
        "beta_loo": 0.00010722198668875899,
        "dv_obs": 3.92,
        "dv_pred": 2.2943102377225677,
        "residual_mm_s": 1.6256897622774322,
        "abs_error_mm_s": 1.6256897622774322,
        "rel_error_pct": 41.47167760911817,
        "correct_sign": true
      },
      {
        "left_out": "Cassini",
        "beta_loo": 0.00017219462251389612,
        "dv_obs": 0.11,
        "dv_pred": 0.48085253875868805,
        "residual_mm_s": -0.37085253875868807,
        "abs_error_mm_s": 0.37085253875868807,
        "rel_error_pct": 337.1386715988074,
        "correct_sign": true
      },
      {
        "left_out": "Rosetta_2005",
        "beta_loo": 0.00014065212564537256,
        "dv_obs": 1.82,
        "dv_pred": 2.066766709785797,
        "residual_mm_s": -0.24676670978579707,
        "abs_error_mm_s": 0.24676670978579707,
        "rel_error_pct": 13.558610427791049,
        "correct_sign": true
      }
    ]
  },
  "bootstrap": {
    "n_bootstrap": 10000,
    "n_valid_samples": 10000,
    "beta_mean": 0.00013706582692033143,
    "beta_median": 0.00013854594579139877,
    "beta_std": 3.653016766572007e-05,
    "ci_68": [
      9.858506090662877e-05,
      0.00017375144495994916
    ],
    "ci_95": [
      6.195521779789437e-05,
      0.00019974031845609148
    ]
  },
  "altitude_stratified": {
    "low_altitude": {
      "n_flybys": 2,
      "beta_mean": 0.00019893252798294065,
      "beta_median": 0.00019893252798294065,
      "beta_range": [
        0.00017885582752023344,
        0.00021900922844564789
      ],
      "members": [
        "NEAR",
        "Galileo_1990"
      ]
    },
    "mid_altitude": {
      "n_flybys": 2,
      "beta_mean": 7.140506627302175e-05,
      "beta_median": 7.140506627302175e-05,
      "beta_range": [
        2.4091320970236396e-05,
        0.00011871881157580711
      ],
      "members": [
        "Cassini",
        "Rosetta_2005"
      ]
    }
  },
  "summary": {
    "n_total_flybys": 4,
    "n_with_observations": 4,
    "validation_status": "complete"
  }
}