{
  "parameters": {
    "beta": 0.0001,
    "lambda": 0.001,
    "n": 1,
    "m_pl": 2.435e+18
  },
  "altitudes_km": [
    0,
    200,
    400,
    600,
    800,
    1000,
    1200,
    1400,
    1600,
    2000
  ],
  "screening_factors_first_principles": [
    1.0,
    3.3333333333333355e-05,
    3.3333333333333355e-05,
    3.3333333333333355e-05,
    3.3333333333333355e-05,
    3.3333333333333355e-05,
    3.3333333333333355e-05,
    3.3333333333333355e-05,
    3.3333333333333355e-05,
    3.3333333333333355e-05
  ],
  "rho_c_kg_m3": 20000.0,
  "gamma": 0.334
}