{
  "beta": {
    "median": 6.908651661783126e-05,
    "mean": 6.851103906418015e-05,
    "std": 1.671331767434223e-05,
    "ci_68": [
      4.952680986016647e-05,
      8.663608753668893e-05
    ],
    "ci_95": [
      3.945696397661775e-05,
      9.74146592212673e-05
    ]
  },
  "systematic_uncertainty_mm_s": {
    "median": 1.1233712467780157,
    "mean": 1.2554331263907097,
    "ci_68": [
      0.8079767180288254,
      1.66882359242474
    ]
  },
  "disformal_coupling": {
    "median": 0.5469402508546769,
    "mean": 0.695388607074983,
    "ci_68": [
      0.1287040024738542,
      1.379336333303341
    ]
  },
  "n_flybys": 5,
  "mcmc_samples": 256000,
  "model_comparison": {
    "AIC": {
      "TEP": 20.589456797840526,
      "Null": 1830094.7293133019,
      "Empirical": 6
    },
    "BIC": {
      "TEP": 19.41777053514283,
      "Null": 1830094.7293133019,
      "Empirical": 4.828313737302301
    },
    "delta_AIC": {
      "TEP": 14.589456797840526,
      "Null": 1830088.7293133019,
      "Empirical": 0
    },
    "akaike_weights": {
      "TEP": 0.0006786484726600311,
      "Null": 0.0,
      "Empirical": 0.9993213515273399
    },
    "best_model_aic": "Empirical"
  }
}