{
  "Galileo_1990": {
    "plasma_density_cm3": 3484.665235132684,
    "plasma_screening_factor": 0.8917194696343627,
    "plasma_sign_factor": -1.0,
    "solar_activity": 1.5
  },
  "NEAR_1998": {
    "plasma_density_cm3": 57202.10572361508,
    "plasma_screening_factor": 0.02965527903653216,
    "plasma_sign_factor": -0.9569947356909623,
    "solar_activity": 0.5
  },
  "Cassini_1999": {
    "plasma_density_cm3": 104.63551407413748,
    "plasma_screening_factor": 0.9998905260777963,
    "plasma_sign_factor": 1.0,
    "solar_activity": 0.5
  },
  "Rosetta_2005": {
    "plasma_density_cm3": 0.19332344783765915,
    "plasma_screening_factor": 0.9999999996262605,
    "plasma_sign_factor": 1.0,
    "solar_activity": 1.0
  },
  "Rosetta_2007": {
    "plasma_density_cm3": 0.1000000001,
    "plasma_screening_factor": 0.9999999999,
    "plasma_sign_factor": 1.0,
    "solar_activity": 1.0
  }
}