{
  "n_data": 4,
  "systematic_uncertainty_mm_s": 3.7607560341467985,
  "log_likelihoods": {
    "Null": -16.03997738109101,
    "Anderson": -9.852818510737187,
    "TEP_restricted": -9.354461362875506,
    "TEP_flexible": -9.262221754562297
  },
  "fitted_parameters": {
    "Anderson": {
      "A": 17.624651729107654,
      "B": 0.1482618542823442
    },
    "TEP_restricted": {
      "beta": 0.0002955863769501172
    },
    "TEP_flexible": {
      "beta": 3.4320479767150154,
      "b_disf": 4.431227921045662,
      "offset": -1.5665326501480084
    }
  },
  "information_criteria": {
    "Null": {
      "AIC": 32.07995476218202,
      "AICc": 32.07995476218202,
      "BIC": 32.07995476218202
    },
    "Anderson": {
      "AIC": 23.705637021474374,
      "AICc": 35.705637021474374,
      "BIC": 22.478225743714155
    },
    "TEP_restricted": {
      "AIC": 20.708922725751012,
      "AICc": 22.708922725751012,
      "BIC": 20.095217086870903
    },
    "TEP_flexible": {
      "AIC": 24.524443509124595,
      "AICc": null,
      "BIC": 22.683326592484267
    }
  },
  "bayes_factors": {
    "Anderson_vs_Null": 121.61550981678452,
    "TEP_restricted_vs_Null": 400.3618798166189,
    "TEP_flexible_vs_Null": 109.76196701245925,
    "TEP_restricted_vs_Anderson": 3.2920297782722754,
    "delta_BIC_Anderson_vs_Null": 9.601729018467864,
    "delta_BIC_TEP_restricted_vs_Null": 11.984737675311116,
    "delta_BIC_TEP_flexible_vs_Null": 9.396628169697752,
    "delta_BIC_TEP_restricted_vs_Anderson": 2.383008656843252
  },
  "model_selection": {
    "best_model_BIC": "TEP_restricted",
    "akaike_weights": {
      "TEP_restricted": 0.9893801099214934,
      "Null": 0.0091299715381552,
      "Anderson": 0.0014899185403513498
    },
    "interpretation": "BIC selects TEP_restricted model"
  },
  "pre_specified_parameters": {
    "lambda_TEP_km": 4000,
    "lambda_TEP_source": "GNSS atomic clock correlations (Step 016)",
    "S_earth": 0.35,
    "S_earth_source": "UCD soliton first-principles (Step 010)",
    "v_trans_km_s": 16.8,
    "v_trans_source": "TEP field equations",
    "geometry_source": "JPL Horizons ephemerides"
  }
}